,kernel,bsz,sq,sk,hq,hk,hm,hdim,sparsity,seed,dataname,time(ms)
0,attentionmask,8,131072,131072,32,32,1,128,60,68,srowsQ2A128K.npz,nan
1,math_attention,8,131072,131072,32,32,1,128,60,68,srowsQ2A128K.npz,nan
2,sparsemask,8,2048,2048,32,32,1,128,0,68,srowsQ2A2K.npz,6.867866516113281
3,sparsemask,8,4096,4096,32,32,1,128,0,68,srowsQ2A4K.npz,22.558422088623047
4,sparsemask,8,8192,8192,32,32,1,128,0,68,srowsQ2A8K.npz,82.43153333663942
5,sparsemask,8,16384,16384,32,32,1,128,0,68,srowsQ2A16K.npz,311.7849791049957
6,sparsemask,8,32768,32768,32,32,1,128,0,68,srowsQ2A32K.npz,1220.7464063167572
7,sparsemask,8,65536,65536,32,32,1,128,0,68,srowsQ2A64K.npz,4846.317561864852
8,sparsemask,8,131072,131072,32,32,1,128,0,68,srowsQ2A128K.npz,nan
9,sparsemask,8,2048,2048,32,32,1,128,10,68,srowsQ2A2K.npz,6.624152660369873
10,sparsemask,8,4096,4096,32,32,1,128,10,68,srowsQ2A4K.npz,21.72243595123291
11,sparsemask,8,8192,8192,32,32,1,128,10,68,srowsQ2A8K.npz,76.39785289764404
12,sparsemask,8,16384,16384,32,32,1,128,10,68,srowsQ2A16K.npz,283.9991283416748
13,sparsemask,8,32768,32768,32,32,1,128,10,68,srowsQ2A32K.npz,1071.7005920410156
14,sparsemask,8,65536,65536,32,32,1,128,10,68,srowsQ2A64K.npz,4322.624020576477
15,sparsemask,8,131072,131072,32,32,1,128,10,68,srowsQ2A128K.npz,nan
16,sparsemask,8,2048,2048,32,32,1,128,20,68,srowsQ2A2K.npz,6.2496137619018555
17,sparsemask,8,4096,4096,32,32,1,128,20,68,srowsQ2A4K.npz,19.604597091674805
18,sparsemask,8,8192,8192,32,32,1,128,20,68,srowsQ2A8K.npz,66.4476203918457
19,sparsemask,8,16384,16384,32,32,1,128,20,68,srowsQ2A16K.npz,253.19910764694214
20,sparsemask,8,32768,32768,32,32,1,128,20,68,srowsQ2A32K.npz,1004.2219710350038
21,sparsemask,8,65536,65536,32,32,1,128,20,68,srowsQ2A64K.npz,3802.970991134644
22,sparsemask,8,131072,131072,32,32,1,128,20,68,srowsQ2A128K.npz,nan
23,sparsemask,8,2048,2048,32,32,1,128,30,68,srowsQ2A2K.npz,5.497598648071289
24,sparsemask,8,131072,131072,32,32,1,128,40,68,srowsQ6A128K.npz,nan
25,sparsemask,8,2048,2048,32,32,1,128,50,68,srowsQ6A2K.npz,4.6616530418396
26,sparsemask,8,4096,4096,32,32,1,128,50,68,srowsQ6A4K.npz,13.754587968190513
27,sparsemask,8,8192,8192,32,32,1,128,50,68,srowsQ6A8K.npz,44.9442834854126
28,sparsemask,8,16384,16384,32,32,1,128,50,68,srowsQ6A16K.npz,154.47813987731934
29,sparsemask,8,32768,32768,32,32,1,128,50,68,srowsQ6A32K.npz,575.1575295130413
30,sparsemask,8,65536,65536,32,32,1,128,50,68,srowsQ6A64K.npz,2211.1280155181885
31,sparsemask,8,131072,131072,32,32,1,128,50,68,srowsQ6A128K.npz,nan
32,sparsemask,8,2048,2048,32,32,1,128,60,68,srowsQ6A2K.npz,4.309108853340149
33,sparsemask,8,4096,4096,32,32,1,128,60,68,srowsQ6A4K.npz,12.658642133076984
34,sparsemask,8,8192,8192,32,32,1,128,60,68,srowsQ6A8K.npz,37.62437661488851
35,sparsemask,8,16384,16384,32,32,1,128,60,68,srowsQ6A16K.npz,129.86448526382446
36,sparsemask,8,32768,32768,32,32,1,128,60,68,srowsQ6A32K.npz,458.09019684791565
37,sparsemask,8,65536,65536,32,32,1,128,60,68,srowsQ6A64K.npz,1741.1131167411804
38,sparsemask,8,131072,131072,32,32,1,128,60,68,srowsQ6A128K.npz,nan
39,sparsemask,8,2048,2048,32,32,1,128,70,68,srowsQ6A2K.npz,3.8458099365234375
40,sparsemask,8,8192,8192,32,32,1,128,70,68,srowsQ6A8K.npz,29.745199945237903
41,sparsemask,8,16384,16384,32,32,1,128,70,68,srowsQ6A16K.npz,96.2704713003976
42,sparsemask,8,32768,32768,32,32,1,128,70,68,srowsQ6A32K.npz,344.0793037414551
43,sparsemask,8,65536,65536,32,32,1,128,70,68,srowsQ6A64K.npz,1272.0068764686584
44,sparsemask,8,131072,131072,32,32,1,128,70,68,srowsQ6A128K.npz,nan
45,sparsemask,8,8192,8192,32,32,1,128,80,68,srowsQ6A8K.npz,26.044645309448242
46,sparsemask,8,16384,16384,32,32,1,128,80,68,srowsQ6A16K.npz,67.3125879581158
47,sparsemask,8,32768,32768,32,32,1,128,80,68,srowsQ6A32K.npz,242.38863093512398
48,sparsemask,8,65536,65536,32,32,1,128,80,68,srowsQ6A64K.npz,872.1587495009104
49,sparsemask,8,131072,131072,32,32,1,128,80,68,srowsQ6A128K.npz,nan
50,sparsemask,8,16384,16384,32,32,1,128,90,68,srowsQ6A16K.npz,51.187047958374016
51,sparsemask,8,32768,32768,32,32,1,128,90,68,srowsQ6A32K.npz,175.32896041870117
52,sparsemask,8,65536,65536,32,32,1,128,90,68,srowsQ6A64K.npz,590.6882810592651
53,sparsemask,8,131072,131072,32,32,1,128,90,68,srowsQ6A128K.npz,nan
54,sparsemask,8,8192,8192,32,32,1,128,80,68,srowsQ1A8K.npz,23.0528736114502
55,sparsemask,8,16384,16384,32,32,1,128,80,68,srowsQ1A16K.npz,72.485488653183
56,sparsemask,8,32768,32768,32,32,1,128,80,68,srowsQ1A32K.npz,248.42780510584515
57,sparsemask,8,65536,65536,32,32,1,128,80,68,srowsQ1A64K.npz,903.1380850928169
58,sparsemask,8,131072,131072,32,32,1,128,80,68,srowsQ1A128K.npz,nan
59,sparsemask,8,2048,2048,32,32,1,128,90,68,srowsQ1A2K.npz,3.043546676635742
60,attentionmask,8,2048,2048,32,32,1,128,60,68,srowsQ2A2K.npz,16.843067804972332
61,math_attention,8,2048,2048,32,32,1,128,60,68,srowsQ2A2K.npz,30.284395217895508
62,attentionmask,8,4096,4096,32,32,1,128,60,68,srowsQ2A4K.npz,64.4408836364746
63,math_attention,8,4096,4096,32,32,1,128,60,68,srowsQ2A4K.npz,120.7707471847534
64,attentionmask,8,8192,8192,32,32,1,128,60,68,srowsQ2A8K.npz,246.78312301635745
65,math_attention,8,8192,8192,32,32,1,128,60,68,srowsQ2A8K.npz,nan
66,attentionmask,8,16384,16384,32,32,1,128,60,68,srowsQ2A16K.npz,973.3087539672852
67,math_attention,8,16384,16384,32,32,1,128,60,68,srowsQ2A16K.npz,nan
68,attentionmask,8,32768,32768,32,32,1,128,60,68,srowsQ2A32K.npz,3878.6203212738037
69,math_attention,8,32768,32768,32,32,1,128,60,68,srowsQ2A32K.npz,nan
70,attentionmask,8,65536,65536,32,32,1,128,60,68,srowsQ2A64K.npz,nan
71,math_attention,8,65536,65536,32,32,1,128,60,68,srowsQ2A64K.npz,nan
72,sparsemask,8,16384,16384,32,32,1,128,10,68,srowsQ6A16K.npz,270.90186834335327
73,sparsemask,8,32768,32768,32,32,1,128,10,68,srowsQ6A32K.npz,1058.6543226242065
74,sparsemask,8,65536,65536,32,32,1,128,10,68,srowsQ6A64K.npz,4158.438471158345
75,sparsemask,8,131072,131072,32,32,1,128,10,68,srowsQ6A128K.npz,nan
76,sparsemask,8,2048,2048,32,32,1,128,20,68,srowsQ6A2K.npz,7.1022772789001465
77,sparsemask,8,4096,4096,32,32,1,128,20,68,srowsQ6A4K.npz,19.6419495344162
78,sparsemask,8,8192,8192,32,32,1,128,20,68,srowsQ6A8K.npz,68.39009761810303
79,sparsemask,8,16384,16384,32,32,1,128,20,68,srowsQ6A16K.npz,253.14261913299563
80,sparsemask,8,32768,32768,32,32,1,128,20,68,srowsQ6A32K.npz,1012.3725247383118
81,sparsemask,8,65536,65536,32,32,1,128,20,68,srowsQ6A64K.npz,3881.7653369903564
82,sparsemask,8,131072,131072,32,32,1,128,20,68,srowsQ6A128K.npz,nan
83,sparsemask,8,2048,2048,32,32,1,128,30,68,srowsQ6A2K.npz,5.555630922317505
84,sparsemask,8,4096,4096,32,32,1,128,30,68,srowsQ6A4K.npz,17.69146998723348
85,sparsemask,8,8192,8192,32,32,1,128,30,68,srowsQ6A8K.npz,59.355201721191406
86,sparsemask,8,16384,16384,32,32,1,128,30,68,srowsQ6A16K.npz,220.098557472229
87,sparsemask,8,32768,32768,32,32,1,128,30,68,srowsQ6A32K.npz,859.8462772369385
88,sparsemask,8,65536,65536,32,32,1,128,30,68,srowsQ6A64K.npz,3123.4112119674683
89,sparsemask,8,131072,131072,32,32,1,128,30,68,srowsQ6A128K.npz,nan
90,sparsemask,8,2048,2048,32,32,1,128,40,68,srowsQ6A2K.npz,5.050244331359864
91,sparsemask,8,4096,4096,32,32,1,128,40,68,srowsQ6A4K.npz,15.805505514144897
92,sparsemask,8,8192,8192,32,32,1,128,40,68,srowsQ6A8K.npz,53.916618029276535
93,sparsemask,8,16384,16384,32,32,1,128,40,68,srowsQ6A16K.npz,193.19664478302002
94,sparsemask,8,32768,32768,32,32,1,128,40,68,srowsQ6A32K.npz,712.259111404419
95,sparsemask,8,65536,65536,32,32,1,128,40,68,srowsQ6A64K.npz,2768.9151215553284
96,sparsemask,8,32768,32768,32,32,1,128,60,68,srowsQ2A32K.npz,471.08342266082764
97,sparsemask,8,65536,65536,32,32,1,128,60,68,srowsQ2A64K.npz,1787.565450668335
98,sparsemask,8,131072,131072,32,32,1,128,60,68,srowsQ2A128K.npz,nan
99,sparsemask,8,2048,2048,32,32,1,128,70,68,srowsQ2A2K.npz,3.771704037984212
100,sparsemask,8,4096,4096,32,32,1,128,70,68,srowsQ2A4K.npz,10.04625252314976
101,sparsemask,8,8192,8192,32,32,1,128,70,68,srowsQ2A8K.npz,30.184559292263454
102,sparsemask,8,16384,16384,32,32,1,128,70,68,srowsQ2A16K.npz,98.33741605281828
103,sparsemask,8,32768,32768,32,32,1,128,70,68,srowsQ2A32K.npz,355.5526214175754
104,sparsemask,8,65536,65536,32,32,1,128,70,68,srowsQ2A64K.npz,1294.919216632843
105,sparsemask,8,131072,131072,32,32,1,128,70,68,srowsQ2A128K.npz,nan
106,sparsemask,8,2048,2048,32,32,1,128,80,68,srowsQ2A2K.npz,3.273584047953288
107,sparsemask,8,4096,4096,32,32,1,128,80,68,srowsQ2A4K.npz,8.109789328141646
108,sparsemask,8,8192,8192,32,32,1,128,80,68,srowsQ2A8K.npz,23.30969863467746
109,sparsemask,8,16384,16384,32,32,1,128,80,68,srowsQ2A16K.npz,75.70993900299072
110,sparsemask,8,32768,32768,32,32,1,128,80,68,srowsQ2A32K.npz,261.78672790527344
111,sparsemask,8,65536,65536,32,32,1,128,80,68,srowsQ2A64K.npz,910.5538511276244
112,sparsemask,8,131072,131072,32,32,1,128,80,68,srowsQ2A128K.npz,nan
113,sparsemask,8,2048,2048,32,32,1,128,90,68,srowsQ2A2K.npz,3.1271791458129883
114,sparsemask,8,4096,4096,32,32,1,128,30,68,srowsQ2A4K.npz,17.609663009643555
115,sparsemask,8,8192,8192,32,32,1,128,30,68,srowsQ2A8K.npz,60.66089153289795
116,sparsemask,8,16384,16384,32,32,1,128,30,68,srowsQ2A16K.npz,211.57698154449463
117,sparsemask,8,32768,32768,32,32,1,128,30,68,srowsQ2A32K.npz,867.939169406891
118,sparsemask,8,65536,65536,32,32,1,128,30,68,srowsQ2A64K.npz,3431.5265607833862
119,sparsemask,8,131072,131072,32,32,1,128,30,68,srowsQ2A128K.npz,nan
120,sparsemask,8,2048,2048,32,32,1,128,40,68,srowsQ2A2K.npz,5.291416645050048
121,sparsemask,8,4096,4096,32,32,1,128,40,68,srowsQ2A4K.npz,15.248782634735107
122,sparsemask,8,8192,8192,32,32,1,128,40,68,srowsQ2A8K.npz,51.68882369995117
123,sparsemask,8,16384,16384,32,32,1,128,40,68,srowsQ2A16K.npz,189.01822566986084
124,sparsemask,8,32768,32768,32,32,1,128,40,68,srowsQ2A32K.npz,703.6572345097859
125,sparsemask,8,65536,65536,32,32,1,128,40,68,srowsQ2A64K.npz,2813.1235567728672
126,sparsemask,8,131072,131072,32,32,1,128,40,68,srowsQ2A128K.npz,nan
127,sparsemask,8,2048,2048,32,32,1,128,50,68,srowsQ2A2K.npz,4.732201894124349
128,sparsemask,8,4096,4096,32,32,1,128,50,68,srowsQ2A4K.npz,13.790613810221355
129,sparsemask,8,8192,8192,32,32,1,128,50,68,srowsQ2A8K.npz,45.88343938191732
130,sparsemask,8,16384,16384,32,32,1,128,50,68,srowsQ2A16K.npz,160.89459896087646
131,sparsemask,8,32768,32768,32,32,1,128,50,68,srowsQ2A32K.npz,603.1304883956908
132,sparsemask,8,65536,65536,32,32,1,128,50,68,srowsQ2A64K.npz,2271.579228639602
133,sparsemask,8,131072,131072,32,32,1,128,50,68,srowsQ2A128K.npz,nan
134,sparsemask,8,2048,2048,32,32,1,128,60,68,srowsQ2A2K.npz,4.23595905303955
135,sparsemask,8,4096,4096,32,32,1,128,60,68,srowsQ2A4K.npz,11.57116985321045
136,sparsemask,8,8192,8192,32,32,1,128,60,68,srowsQ2A8K.npz,37.31771659851074
137,sparsemask,8,16384,16384,32,32,1,128,60,68,srowsQ2A16K.npz,130.20486116409302
138,attentionmask,8,2048,2048,32,32,1,128,60,68,srowsQ6A2K.npz,16.856369376182553
139,math_attention,8,2048,2048,32,32,1,128,60,68,srowsQ6A2K.npz,30.32532274723053
140,attentionmask,8,4096,4096,32,32,1,128,60,68,srowsQ6A4K.npz,64.11391496658325
141,math_attention,8,4096,4096,32,32,1,128,60,68,srowsQ6A4K.npz,121.28882169723511
142,attentionmask,8,8192,8192,32,32,1,128,60,68,srowsQ6A8K.npz,246.35994434356692
143,math_attention,8,8192,8192,32,32,1,128,60,68,srowsQ6A8K.npz,nan
144,attentionmask,8,16384,16384,32,32,1,128,60,68,srowsQ6A16K.npz,973.2719874382019
145,math_attention,8,16384,16384,32,32,1,128,60,68,srowsQ6A16K.npz,nan
146,attentionmask,8,32768,32768,32,32,1,128,60,68,srowsQ6A32K.npz,3883.76104593277
147,math_attention,8,32768,32768,32,32,1,128,60,68,srowsQ6A32K.npz,nan
148,attentionmask,8,65536,65536,32,32,1,128,60,68,srowsQ6A64K.npz,nan
149,math_attention,8,65536,65536,32,32,1,128,60,68,srowsQ6A64K.npz,nan
150,attentionmask,8,131072,131072,32,32,1,128,60,68,srowsQ6A128K.npz,nan
151,math_attention,8,131072,131072,32,32,1,128,60,68,srowsQ6A128K.npz,nan
152,sparsemask,8,2048,2048,32,32,1,128,10,68,srowsQ6A2K.npz,6.418032646179199
153,sparsemask,8,4096,4096,32,32,1,128,10,68,srowsQ6A4K.npz,20.744614601135254
154,sparsemask,8,8192,8192,32,32,1,128,10,68,srowsQ6A8K.npz,73.9153003692627
155,sparsemask,4,8192,8192,32,32,1,128,80,68,srowsQ2A8K.npz,11.478921665864831
156,sparsemask,4,16384,16384,32,32,1,128,80,68,srowsQ2A16K.npz,36.83772928574506
157,sparsemask,4,32768,32768,32,32,1,128,80,68,srowsQ2A32K.npz,127.86100745201112
158,sparsemask,4,65536,65536,32,32,1,128,80,68,srowsQ2A64K.npz,456.5116633687701
159,sparsemask,4,131072,131072,32,32,1,128,80,68,srowsQ2A128K.npz,1743.1701701028005
160,sparsemask,4,2048,2048,32,32,1,128,90,68,srowsQ2A2K.npz,1.5815973281860352
161,attentionmask,4,2048,2048,32,32,1,128,60,68,srowsQ6A2K.npz,8.505700826644896
162,math_attention,4,2048,2048,32,32,1,128,60,68,srowsQ6A2K.npz,15.090621113777162
163,attentionmask,4,4096,4096,32,32,1,128,60,68,srowsQ6A4K.npz,31.541093985239666
164,math_attention,4,4096,4096,32,32,1,128,60,68,srowsQ6A4K.npz,59.836558500925705
165,attentionmask,4,8192,8192,32,32,1,128,60,68,srowsQ6A8K.npz,123.37934573491415
166,math_attention,4,8192,8192,32,32,1,128,60,68,srowsQ6A8K.npz,246.91692272822064
167,attentionmask,4,16384,16384,32,32,1,128,60,68,srowsQ6A16K.npz,486.6507087435041
168,math_attention,4,16384,16384,32,32,1,128,60,68,srowsQ6A16K.npz,nan
169,attentionmask,4,32768,32768,32,32,1,128,60,68,srowsQ6A32K.npz,1942.9622425351824
170,math_attention,4,32768,32768,32,32,1,128,60,68,srowsQ6A32K.npz,nan
171,attentionmask,4,65536,65536,32,32,1,128,60,68,srowsQ6A64K.npz,7816.767813563347
172,math_attention,4,65536,65536,32,32,1,128,60,68,srowsQ6A64K.npz,nan
173,sparsemask,8,16384,16384,32,32,1,128,10,68,srowsQ1A16K.npz,288.6521244049072
174,sparsemask,8,32768,32768,32,32,1,128,10,68,srowsQ1A32K.npz,1043.4799337387085
175,sparsemask,8,65536,65536,32,32,1,128,10,68,srowsQ1A64K.npz,4283.515100479126
176,sparsemask,8,131072,131072,32,32,1,128,10,68,srowsQ1A128K.npz,nan
177,sparsemask,8,2048,2048,32,32,1,128,20,68,srowsQ1A2K.npz,5.784544944763184
178,sparsemask,8,4096,4096,32,32,1,128,20,68,srowsQ1A4K.npz,19.516537189483646
179,sparsemask,8,8192,8192,32,32,1,128,20,68,srowsQ1A8K.npz,68.03524971008301
180,sparsemask,8,16384,16384,32,32,1,128,20,68,srowsQ1A16K.npz,249.79029178619385
181,sparsemask,8,32768,32768,32,32,1,128,20,68,srowsQ1A32K.npz,981.0765171051025
182,sparsemask,8,65536,65536,32,32,1,128,20,68,srowsQ1A64K.npz,3769.0710830688477
183,sparsemask,8,131072,131072,32,32,1,128,20,68,srowsQ1A128K.npz,nan
184,sparsemask,8,2048,2048,32,32,1,128,30,68,srowsQ1A2K.npz,5.6386518478393555
185,sparsemask,8,4096,4096,32,32,1,128,30,68,srowsQ1A4K.npz,16.944313049316406
186,sparsemask,8,8192,8192,32,32,1,128,30,68,srowsQ1A8K.npz,58.994290828704834
187,sparsemask,8,16384,16384,32,32,1,128,30,68,srowsQ1A16K.npz,220.83966493606567
188,sparsemask,8,32768,32768,32,32,1,128,30,68,srowsQ1A32K.npz,859.7715473175049
189,sparsemask,8,65536,65536,32,32,1,128,30,68,srowsQ1A64K.npz,3264.107232093811
190,sparsemask,8,131072,131072,32,32,1,128,30,68,srowsQ1A128K.npz,nan
191,sparsemask,8,2048,2048,32,32,1,128,40,68,srowsQ1A2K.npz,5.0794291496276855
192,sparsemask,8,4096,4096,32,32,1,128,40,68,srowsQ1A4K.npz,15.592370033264162
193,sparsemask,8,8192,8192,32,32,1,128,40,68,srowsQ1A8K.npz,50.27894735336304
194,sparsemask,8,16384,16384,32,32,1,128,40,68,srowsQ1A16K.npz,187.29212284088135
195,sparsemask,8,32768,32768,32,32,1,128,40,68,srowsQ1A32K.npz,706.9978237152101
196,sparsemask,8,65536,65536,32,32,1,128,40,68,srowsQ1A64K.npz,2702.3302348454795
197,sparsemask,8,131072,131072,32,32,1,128,40,68,srowsQ1A128K.npz,nan
198,sparsemask,8,2048,2048,32,32,1,128,50,68,srowsQ1A2K.npz,4.723771413167318
199,sparsemask,8,4096,4096,32,32,1,128,50,68,srowsQ1A4K.npz,13.443225224812826
200,sparsemask,8,8192,8192,32,32,1,128,50,68,srowsQ1A8K.npz,44.509687423706055
201,sparsemask,8,16384,16384,32,32,1,128,50,68,srowsQ1A16K.npz,161.1163028081258
202,sparsemask,8,32768,32768,32,32,1,128,50,68,srowsQ1A32K.npz,596.1403656005859
203,sparsemask,8,65536,65536,32,32,1,128,50,68,srowsQ1A64K.npz,2324.819680849711
204,sparsemask,8,131072,131072,32,32,1,128,50,68,srowsQ1A128K.npz,nan
205,sparsemask,8,2048,2048,32,32,1,128,60,68,srowsQ1A2K.npz,4.15056069691976
206,sparsemask,8,4096,4096,32,32,1,128,60,68,srowsQ1A4K.npz,11.43888592720032
207,sparsemask,8,8192,8192,32,32,1,128,60,68,srowsQ1A8K.npz,37.27117443084717
208,sparsemask,8,16384,16384,32,32,1,128,60,68,srowsQ1A16K.npz,128.50443935394287
209,sparsemask,8,32768,32768,32,32,1,128,60,68,srowsQ1A32K.npz,470.98417854309076
210,sparsemask,8,65536,65536,32,32,1,128,60,68,srowsQ1A64K.npz,1754.438842932383
211,sparsemask,8,131072,131072,32,32,1,128,60,68,srowsQ1A128K.npz,nan
212,sparsemask,8,2048,2048,32,32,1,128,70,68,srowsQ1A2K.npz,3.7327241897583003
213,sparsemask,8,4096,4096,32,32,1,128,70,68,srowsQ1A4K.npz,9.880216121673584
214,sparsemask,8,8192,8192,32,32,1,128,70,68,srowsQ1A8K.npz,28.7844000922309
215,sparsemask,8,16384,16384,32,32,1,128,70,68,srowsQ1A16K.npz,98.29112158881294
216,sparsemask,8,32768,32768,32,32,1,128,70,68,srowsQ1A32K.npz,345.4086093902588
217,sparsemask,8,65536,65536,32,32,1,128,70,68,srowsQ1A64K.npz,1323.3052121268381
218,sparsemask,8,131072,131072,32,32,1,128,70,68,srowsQ1A128K.npz,nan
219,sparsemask,8,2048,2048,32,32,1,128,80,68,srowsQ1A2K.npz,3.250484125954765
220,sparsemask,8,4096,4096,32,32,1,128,80,68,srowsQ1A4K.npz,9.044913450876871
221,sparsemask,4,131072,131072,32,32,1,128,40,68,srowsQ2A128K.npz,5385.120284080505
222,sparsemask,4,2048,2048,32,32,1,128,50,68,srowsQ2A2K.npz,2.4687509536743164
223,sparsemask,4,4096,4096,32,32,1,128,50,68,srowsQ2A4K.npz,7.091546058654784
224,sparsemask,4,8192,8192,32,32,1,128,50,68,srowsQ2A8K.npz,23.868569533030193
225,sparsemask,4,16384,16384,32,32,1,128,50,68,srowsQ2A16K.npz,82.260262966156
226,sparsemask,4,32768,32768,32,32,1,128,50,68,srowsQ2A32K.npz,304.348426659902
227,sparsemask,4,65536,65536,32,32,1,128,50,68,srowsQ2A64K.npz,1171.342032977513
228,sparsemask,4,131072,131072,32,32,1,128,50,68,srowsQ2A128K.npz,4656.471596956252
229,sparsemask,4,2048,2048,32,32,1,128,60,68,srowsQ2A2K.npz,2.21884806950887
230,sparsemask,4,4096,4096,32,32,1,128,60,68,srowsQ2A4K.npz,5.976028442382813
231,sparsemask,4,8192,8192,32,32,1,128,60,68,srowsQ2A8K.npz,19.1864103741116
232,sparsemask,4,16384,16384,32,32,1,128,60,68,srowsQ2A16K.npz,65.4413366317749
233,sparsemask,4,32768,32768,32,32,1,128,60,68,srowsQ2A32K.npz,236.44379827711316
234,sparsemask,4,65536,65536,32,32,1,128,60,68,srowsQ2A64K.npz,898.9008367061615
235,sparsemask,4,131072,131072,32,32,1,128,60,68,srowsQ2A128K.npz,3581.6205533345537
236,sparsemask,4,2048,2048,32,32,1,128,70,68,srowsQ2A2K.npz,1.9653367996215818
237,sparsemask,4,4096,4096,32,32,1,128,70,68,srowsQ2A4K.npz,6.262242453438894
238,sparsemask,4,8192,8192,32,32,1,128,70,68,srowsQ2A8K.npz,14.884397453731959
239,sparsemask,4,16384,16384,32,32,1,128,70,68,srowsQ2A16K.npz,49.480556547641754
240,sparsemask,4,32768,32768,32,32,1,128,70,68,srowsQ2A32K.npz,178.21878573473762
241,sparsemask,4,65536,65536,32,32,1,128,70,68,srowsQ2A64K.npz,656.4004903090628
242,sparsemask,4,131072,131072,32,32,1,128,70,68,srowsQ2A128K.npz,2524.6214713548356
243,sparsemask,4,2048,2048,32,32,1,128,80,68,srowsQ2A2K.npz,1.704816818237305
244,sparsemask,4,4096,4096,32,32,1,128,80,68,srowsQ2A4K.npz,4.087603959170256
245,attentionmask,8,2048,2048,32,32,1,128,60,68,srowsQ1A2K.npz,16.825310389200848
246,math_attention,8,2048,2048,32,32,1,128,60,68,srowsQ1A2K.npz,30.26333173116048
247,attentionmask,8,4096,4096,32,32,1,128,60,68,srowsQ1A4K.npz,64.00342583656311
248,math_attention,8,4096,4096,32,32,1,128,60,68,srowsQ1A4K.npz,120.4397964477539
249,attentionmask,8,8192,8192,32,32,1,128,60,68,srowsQ1A8K.npz,246.13579368591306
250,math_attention,8,8192,8192,32,32,1,128,60,68,srowsQ1A8K.npz,nan
251,attentionmask,8,16384,16384,32,32,1,128,60,68,srowsQ1A16K.npz,972.4887075424195
252,math_attention,8,16384,16384,32,32,1,128,60,68,srowsQ1A16K.npz,nan
253,attentionmask,8,32768,32768,32,32,1,128,60,68,srowsQ1A32K.npz,3881.484884262085
254,math_attention,8,32768,32768,32,32,1,128,60,68,srowsQ1A32K.npz,nan
255,attentionmask,8,65536,65536,32,32,1,128,60,68,srowsQ1A64K.npz,nan
256,math_attention,8,65536,65536,32,32,1,128,60,68,srowsQ1A64K.npz,nan
257,attentionmask,8,131072,131072,32,32,1,128,60,68,srowsQ1A128K.npz,nan
258,math_attention,8,131072,131072,32,32,1,128,60,68,srowsQ1A128K.npz,nan
259,sparsemask,8,2048,2048,32,32,1,128,0,68,srowsQ1A2K.npz,6.866888999938964
260,sparsemask,8,4096,4096,32,32,1,128,0,68,srowsQ1A4K.npz,22.949093580245968
261,sparsemask,8,8192,8192,32,32,1,128,0,68,srowsQ1A8K.npz,84.09914493560791
262,sparsemask,8,16384,16384,32,32,1,128,0,68,srowsQ1A16K.npz,315.159432888031
263,sparsemask,8,32768,32768,32,32,1,128,0,68,srowsQ1A32K.npz,1255.3527534008026
264,sparsemask,8,65536,65536,32,32,1,128,0,68,srowsQ1A64K.npz,4902.132107019424
265,sparsemask,8,131072,131072,32,32,1,128,0,68,srowsQ1A128K.npz,nan
266,sparsemask,8,2048,2048,32,32,1,128,10,68,srowsQ1A2K.npz,6.678881645202637
267,sparsemask,8,8192,8192,32,32,1,128,10,68,srowsQ1A8K.npz,73.44427585601807
268,sparsemask,4,4096,4096,32,32,1,128,30,68,srowsQ6A4K.npz,8.848283290863039
269,sparsemask,4,8192,8192,32,32,1,128,30,68,srowsQ6A8K.npz,29.4882869720459
270,sparsemask,4,16384,16384,32,32,1,128,30,68,srowsQ6A16K.npz,108.97258281707764
271,sparsemask,4,32768,32768,32,32,1,128,30,68,srowsQ6A32K.npz,424.02377367019653
272,sparsemask,4,65536,65536,32,32,1,128,30,68,srowsQ6A64K.npz,1592.4467468261719
273,sparsemask,4,131072,131072,32,32,1,128,30,68,srowsQ6A128K.npz,6607.210578918456
274,sparsemask,4,2048,2048,32,32,1,128,40,68,srowsQ6A2K.npz,2.607684135437012
275,sparsemask,4,4096,4096,32,32,1,128,40,68,srowsQ6A4K.npz,7.970162119184221
276,sparsemask,4,8192,8192,32,32,1,128,40,68,srowsQ6A8K.npz,26.430114746093754
277,sparsemask,4,16384,16384,32,32,1,128,40,68,srowsQ6A16K.npz,95.41281541188557
278,sparsemask,4,32768,32768,32,32,1,128,40,68,srowsQ6A32K.npz,354.9705636501312
279,sparsemask,4,65536,65536,32,32,1,128,40,68,srowsQ6A64K.npz,1386.394760608673
280,sparsemask,4,131072,131072,32,32,1,128,40,68,srowsQ6A128K.npz,5510.343824625016
281,sparsemask,4,2048,2048,32,32,1,128,50,68,srowsQ6A2K.npz,2.4458997899835766
282,sparsemask,4,4096,4096,32,32,1,128,50,68,srowsQ6A4K.npz,7.053207556406658
283,sparsemask,4,8192,8192,32,32,1,128,50,68,srowsQ6A8K.npz,23.24147844314575
284,sparsemask,4,16384,16384,32,32,1,128,50,68,srowsQ6A16K.npz,79.00398921966553
285,sparsemask,4,32768,32768,32,32,1,128,50,68,srowsQ6A32K.npz,289.32192325592035
286,sparsemask,4,65536,65536,32,32,1,128,50,68,srowsQ6A64K.npz,1121.7716352144878
287,sparsemask,4,131072,131072,32,32,1,128,50,68,srowsQ6A128K.npz,4527.047806739807
288,sparsemask,4,2048,2048,32,32,1,128,60,68,srowsQ6A2K.npz,2.2434136271476746
289,sparsemask,4,4096,4096,32,32,1,128,60,68,srowsQ6A4K.npz,7.050150632858277
290,sparsemask,4,8192,8192,32,32,1,128,60,68,srowsQ6A8K.npz,19.020360310872395
291,sparsemask,4,16384,16384,32,32,1,128,60,68,srowsQ6A16K.npz,64.58386829921177
292,attentionmask,4,131072,131072,32,32,1,128,60,68,srowsQ6A128K.npz,nan
293,math_attention,4,131072,131072,32,32,1,128,60,68,srowsQ6A128K.npz,nan
294,sparsemask,4,2048,2048,32,32,1,128,10,68,srowsQ6A2K.npz,3.2558202743530273
295,sparsemask,4,4096,4096,32,32,1,128,10,68,srowsQ6A4K.npz,10.307480096817015
296,sparsemask,4,8192,8192,32,32,1,128,10,68,srowsQ6A8K.npz,36.762572697230745
297,sparsemask,4,16384,16384,32,32,1,128,10,68,srowsQ6A16K.npz,134.6112036705017
298,sparsemask,4,32768,32768,32,32,1,128,10,68,srowsQ6A32K.npz,526.7747735977173
299,sparsemask,4,65536,65536,32,32,1,128,10,68,srowsQ6A64K.npz,2080.0089263916016
300,sparsemask,4,131072,131072,32,32,1,128,10,68,srowsQ6A128K.npz,8260.620823701222
301,sparsemask,4,2048,2048,32,32,1,128,20,68,srowsQ6A2K.npz,3.1455200910568237
302,sparsemask,4,4096,4096,32,32,1,128,20,68,srowsQ6A4K.npz,9.904006719589233
303,sparsemask,4,8192,8192,32,32,1,128,20,68,srowsQ6A8K.npz,34.27142524719238
304,sparsemask,4,16384,16384,32,32,1,128,20,68,srowsQ6A16K.npz,128.49402109781903
305,sparsemask,4,32768,32768,32,32,1,128,20,68,srowsQ6A32K.npz,503.7906058629353
306,sparsemask,4,65536,65536,32,32,1,128,20,68,srowsQ6A64K.npz,1939.5570611953733
307,sparsemask,4,131072,131072,32,32,1,128,20,68,srowsQ6A128K.npz,7772.821788787842
308,sparsemask,4,2048,2048,32,32,1,128,30,68,srowsQ6A2K.npz,2.8488433361053467
309,sparsemask,4,32768,32768,32,32,1,128,60,68,srowsQ6A32K.npz,231.03772231510706
310,sparsemask,4,65536,65536,32,32,1,128,60,68,srowsQ6A64K.npz,881.3389557600021
311,sparsemask,4,131072,131072,32,32,1,128,60,68,srowsQ6A128K.npz,3488.733295031956
312,sparsemask,4,2048,2048,32,32,1,128,70,68,srowsQ6A2K.npz,2.0055426491631403
313,sparsemask,4,8192,8192,32,32,1,128,70,68,srowsQ6A8K.npz,15.14955941368552
314,sparsemask,4,16384,16384,32,32,1,128,70,68,srowsQ6A16K.npz,48.8601332444411
315,sparsemask,4,32768,32768,32,32,1,128,70,68,srowsQ6A32K.npz,174.15656126462497
316,sparsemask,4,65536,65536,32,32,1,128,70,68,srowsQ6A64K.npz,649.0836741129557
317,sparsemask,4,131072,131072,32,32,1,128,70,68,srowsQ6A128K.npz,2495.643647418303
318,sparsemask,4,8192,8192,32,32,1,128,80,68,srowsQ6A8K.npz,12.973368167877197
319,sparsemask,4,16384,16384,32,32,1,128,80,68,srowsQ6A16K.npz,33.47001607601459
320,sparsemask,4,32768,32768,32,32,1,128,80,68,srowsQ6A32K.npz,119.11387302257397
321,sparsemask,4,65536,65536,32,32,1,128,80,68,srowsQ6A64K.npz,434.32864500128693
322,sparsemask,4,131072,131072,32,32,1,128,80,68,srowsQ6A128K.npz,1656.0032649473712
323,sparsemask,4,16384,16384,32,32,1,128,90,68,srowsQ6A16K.npz,25.524827639261883
324,sparsemask,4,32768,32768,32,32,1,128,90,68,srowsQ6A32K.npz,86.28920555114746
325,sparsemask,4,65536,65536,32,32,1,128,90,68,srowsQ6A64K.npz,299.51841831207275
326,sparsemask,4,131072,131072,32,32,1,128,90,68,srowsQ6A128K.npz,1051.5103578567505
327,sparsemask,1,16384,16384,32,32,1,128,10,68,srowsQ1A16K.npz,37.553439140319824
328,sparsemask,1,32768,32768,32,32,1,128,10,68,srowsQ1A32K.npz,135.39469877878824
329,sparsemask,1,65536,65536,32,32,1,128,10,68,srowsQ1A64K.npz,539.0311887529163
330,sparsemask,1,131072,131072,32,32,1,128,10,68,srowsQ1A128K.npz,2130.754732131958
331,sparsemask,1,2048,2048,32,32,1,128,20,68,srowsQ1A2K.npz,0.9194342295328777
332,sparsemask,1,4096,4096,32,32,1,128,20,68,srowsQ1A4K.npz,2.7314949035644536
333,sparsemask,1,8192,8192,32,32,1,128,20,68,srowsQ1A8K.npz,9.007816314697267
334,sparsemask,1,16384,16384,32,32,1,128,20,68,srowsQ1A16K.npz,31.885197957356773
335,sparsemask,1,32768,32768,32,32,1,128,20,68,srowsQ1A32K.npz,124.83518064022063
336,sparsemask,1,65536,65536,32,32,1,128,20,68,srowsQ1A64K.npz,480.0094383955002
337,sparsemask,1,131072,131072,32,32,1,128,20,68,srowsQ1A128K.npz,1879.477695359124
338,sparsemask,1,2048,2048,32,32,1,128,30,68,srowsQ1A2K.npz,0.9089070558547974
339,sparsemask,1,4096,4096,32,32,1,128,30,68,srowsQ1A4K.npz,2.4223061970302036
340,sparsemask,1,8192,8192,32,32,1,128,30,68,srowsQ1A8K.npz,7.818526029586792
341,sparsemask,1,16384,16384,32,32,1,128,30,68,srowsQ1A16K.npz,28.984370231628418
342,sparsemask,1,32768,32768,32,32,1,128,30,68,srowsQ1A32K.npz,108.10182571411134
343,sparsemask,1,65536,65536,32,32,1,128,30,68,srowsQ1A64K.npz,417.305366396904
344,sparsemask,1,131072,131072,32,32,1,128,30,68,srowsQ1A128K.npz,1613.543404170445
345,sparsemask,1,2048,2048,32,32,1,128,40,68,srowsQ1A2K.npz,0.8211647669474283
346,sparsemask,1,4096,4096,32,32,1,128,40,68,srowsQ1A4K.npz,2.1926854786119967
347,sparsemask,1,8192,8192,32,32,1,128,40,68,srowsQ1A8K.npz,6.718077023824057
348,sparsemask,1,16384,16384,32,32,1,128,40,68,srowsQ1A16K.npz,24.302895228068035
349,sparsemask,1,32768,32768,32,32,1,128,40,68,srowsQ1A32K.npz,88.6736732059055
350,sparsemask,1,65536,65536,32,32,1,128,40,68,srowsQ1A64K.npz,347.0086625043084
351,sparsemask,1,32768,32768,32,32,1,128,60,68,srowsQ2A32K.npz,62.35196388129032
352,sparsemask,1,65536,65536,32,32,1,128,60,68,srowsQ2A64K.npz,228.1273904340021
353,sparsemask,1,131072,131072,32,32,1,128,60,68,srowsQ2A128K.npz,896.7707337503847
354,sparsemask,1,2048,2048,32,32,1,128,70,68,srowsQ2A2K.npz,0.609941936674572
355,sparsemask,1,4096,4096,32,32,1,128,70,68,srowsQ2A4K.npz,1.4064945493425642
356,sparsemask,1,8192,8192,32,32,1,128,70,68,srowsQ2A8K.npz,4.133623804364886
357,sparsemask,1,16384,16384,32,32,1,128,70,68,srowsQ2A16K.npz,12.641209556210423
358,sparsemask,1,32768,32768,32,32,1,128,70,68,srowsQ2A32K.npz,45.132720287029564
359,sparsemask,1,65536,65536,32,32,1,128,70,68,srowsQ2A64K.npz,165.25001715307366
360,sparsemask,1,131072,131072,32,32,1,128,70,68,srowsQ2A128K.npz,639.1177871129285
361,sparsemask,1,2048,2048,32,32,1,128,80,68,srowsQ2A2K.npz,0.5258846282958985
362,sparsemask,1,4096,4096,32,32,1,128,80,68,srowsQ2A4K.npz,1.3409250483793371
363,sparsemask,1,8192,8192,32,32,1,128,80,68,srowsQ2A8K.npz,3.07859224431655
364,sparsemask,1,16384,16384,32,32,1,128,80,68,srowsQ2A16K.npz,9.685174671571646
365,sparsemask,1,32768,32768,32,32,1,128,80,68,srowsQ2A32K.npz,33.014041408896446
366,sparsemask,1,65536,65536,32,32,1,128,80,68,srowsQ2A64K.npz,116.47217867509373
367,sparsemask,1,131072,131072,32,32,1,128,80,68,srowsQ2A128K.npz,454.54829745822485
368,sparsemask,1,2048,2048,32,32,1,128,90,68,srowsQ2A2K.npz,0.4855990409851075
369,attentionmask,1,2048,2048,32,32,1,128,60,68,srowsQ6A2K.npz,2.2632777886312514
370,math_attention,1,2048,2048,32,32,1,128,60,68,srowsQ6A2K.npz,3.9511389810530866
371,attentionmask,1,4096,4096,32,32,1,128,60,68,srowsQ6A4K.npz,8.16044919034268
372,math_attention,1,4096,4096,32,32,1,128,60,68,srowsQ6A4K.npz,15.090113091976088
373,attentionmask,1,8192,8192,32,32,1,128,60,68,srowsQ6A8K.npz,31.198557515939076
374,math_attention,1,8192,8192,32,32,1,128,60,68,srowsQ6A8K.npz,61.92882011334102
375,attentionmask,1,16384,16384,32,32,1,128,60,68,srowsQ6A16K.npz,121.47588157653809
376,math_attention,1,16384,16384,32,32,1,128,60,68,srowsQ6A16K.npz,275.7423635482788
377,attentionmask,1,32768,32768,32,32,1,128,60,68,srowsQ6A32K.npz,485.0969690322877
378,math_attention,1,32768,32768,32,32,1,128,60,68,srowsQ6A32K.npz,nan
379,attentionmask,1,65536,65536,32,32,1,128,60,68,srowsQ6A64K.npz,1957.1396802266433
380,math_attention,1,65536,65536,32,32,1,128,60,68,srowsQ6A64K.npz,nan
381,attentionmask,1,131072,131072,32,32,1,128,60,68,srowsQ6A128K.npz,7828.1160382871285
382,math_attention,1,131072,131072,32,32,1,128,60,68,srowsQ6A128K.npz,nan
383,sparsemask,1,2048,2048,32,32,1,128,10,68,srowsQ6A2K.npz,0.9855789608425566
384,sparsemask,1,4096,4096,32,32,1,128,10,68,srowsQ6A4K.npz,2.81708300113678
385,sparsemask,1,8192,8192,32,32,1,128,10,68,srowsQ6A8K.npz,9.501603889465335
386,attentionmask,1,2048,2048,32,32,1,128,60,68,srowsQ1A2K.npz,2.2722014136936353
387,math_attention,1,2048,2048,32,32,1,128,60,68,srowsQ1A2K.npz,3.953780298647673
388,attentionmask,1,4096,4096,32,32,1,128,60,68,srowsQ1A4K.npz,8.185429265422206
389,math_attention,1,4096,4096,32,32,1,128,60,68,srowsQ1A4K.npz,15.118220852267363
390,attentionmask,1,8192,8192,32,32,1,128,60,68,srowsQ1A8K.npz,31.446405579062073
391,math_attention,1,8192,8192,32,32,1,128,60,68,srowsQ1A8K.npz,61.96849570554846
392,attentionmask,1,16384,16384,32,32,1,128,60,68,srowsQ1A16K.npz,121.33343039332209
393,math_attention,1,16384,16384,32,32,1,128,60,68,srowsQ1A16K.npz,275.235789530986
394,attentionmask,1,32768,32768,32,32,1,128,60,68,srowsQ1A32K.npz,484.5974666050502
395,math_attention,1,32768,32768,32,32,1,128,60,68,srowsQ1A32K.npz,nan
396,attentionmask,1,65536,65536,32,32,1,128,60,68,srowsQ1A64K.npz,1965.2265790530612
397,math_attention,1,65536,65536,32,32,1,128,60,68,srowsQ1A64K.npz,nan
398,attentionmask,1,131072,131072,32,32,1,128,60,68,srowsQ1A128K.npz,7844.465599993002
399,math_attention,1,131072,131072,32,32,1,128,60,68,srowsQ1A128K.npz,nan
400,sparsemask,1,2048,2048,32,32,1,128,0,68,srowsQ1A2K.npz,1.0723586704420005
401,sparsemask,1,4096,4096,32,32,1,128,0,68,srowsQ1A4K.npz,3.8033775329589847
402,sparsemask,1,8192,8192,32,32,1,128,0,68,srowsQ1A8K.npz,11.093953704833984
403,sparsemask,1,16384,16384,32,32,1,128,0,68,srowsQ1A16K.npz,40.94466851307795
404,sparsemask,1,32768,32768,32,32,1,128,0,68,srowsQ1A32K.npz,159.86037536903663
405,sparsemask,1,65536,65536,32,32,1,128,0,68,srowsQ1A64K.npz,626.5347653421862
406,sparsemask,1,131072,131072,32,32,1,128,0,68,srowsQ1A128K.npz,2524.9489146691785
407,sparsemask,1,2048,2048,32,32,1,128,10,68,srowsQ1A2K.npz,1.0443687438964846
408,sparsemask,1,8192,8192,32,32,1,128,10,68,srowsQ1A8K.npz,9.755959510803223
409,sparsemask,1,4096,4096,32,32,1,128,30,68,srowsQ2A4K.npz,3.827671051025391
410,sparsemask,1,8192,8192,32,32,1,128,30,68,srowsQ2A8K.npz,9.592320442199705
411,sparsemask,1,16384,16384,32,32,1,128,30,68,srowsQ2A16K.npz,28.69204223155975
412,sparsemask,1,32768,32768,32,32,1,128,30,68,srowsQ2A32K.npz,109.87862543626264
413,sparsemask,1,65536,65536,32,32,1,128,30,68,srowsQ2A64K.npz,427.1125332514446
414,sparsemask,1,131072,131072,32,32,1,128,30,68,srowsQ2A128K.npz,1634.1920191901072
415,sparsemask,1,2048,2048,32,32,1,128,40,68,srowsQ2A2K.npz,0.8409018516540528
416,sparsemask,1,4096,4096,32,32,1,128,40,68,srowsQ2A4K.npz,2.175764604048295
417,sparsemask,1,8192,8192,32,32,1,128,40,68,srowsQ2A8K.npz,6.790948510169983
418,sparsemask,1,16384,16384,32,32,1,128,40,68,srowsQ2A16K.npz,24.23834755307152
419,sparsemask,1,32768,32768,32,32,1,128,40,68,srowsQ2A32K.npz,88.89745459837071
420,sparsemask,1,65536,65536,32,32,1,128,40,68,srowsQ2A64K.npz,349.1792771395515
421,sparsemask,1,131072,131072,32,32,1,128,40,68,srowsQ2A128K.npz,1329.8586699697707
422,sparsemask,1,2048,2048,32,32,1,128,50,68,srowsQ2A2K.npz,0.7536129951477051
423,sparsemask,1,4096,4096,32,32,1,128,50,68,srowsQ2A4K.npz,1.9667154809702996
424,sparsemask,1,8192,8192,32,32,1,128,50,68,srowsQ2A8K.npz,5.973323041742498
425,sparsemask,1,16384,16384,32,32,1,128,50,68,srowsQ2A16K.npz,20.621662356636744
426,sparsemask,1,32768,32768,32,32,1,128,50,68,srowsQ2A32K.npz,75.63892342827538
427,sparsemask,1,65536,65536,32,32,1,128,50,68,srowsQ2A64K.npz,290.18657959424525
428,sparsemask,1,131072,131072,32,32,1,128,50,68,srowsQ2A128K.npz,1146.9752056258067
429,sparsemask,1,2048,2048,32,32,1,128,60,68,srowsQ2A2K.npz,0.6812036037445067
430,sparsemask,1,4096,4096,32,32,1,128,60,68,srowsQ2A4K.npz,1.673061486446496
431,sparsemask,1,8192,8192,32,32,1,128,60,68,srowsQ2A8K.npz,5.006290744332706
432,sparsemask,1,16384,16384,32,32,1,128,60,68,srowsQ2A16K.npz,16.53424326578776
433,sparsemask,1,8192,8192,32,32,1,128,80,68,srowsQ1A8K.npz,4.216466983159383
434,sparsemask,1,16384,16384,32,32,1,128,80,68,srowsQ1A16K.npz,11.16045452299572
435,sparsemask,1,32768,32768,32,32,1,128,80,68,srowsQ1A32K.npz,34.269707617552385
436,sparsemask,1,65536,65536,32,32,1,128,80,68,srowsQ1A64K.npz,119.87526445972674
437,sparsemask,1,131072,131072,32,32,1,128,80,68,srowsQ1A128K.npz,461.83364662469603
438,sparsemask,1,2048,2048,32,32,1,128,90,68,srowsQ1A2K.npz,0.4833948612213135
439,attentionmask,1,2048,2048,32,32,1,128,60,68,srowsQ2A2K.npz,2.2677179177602134
440,math_attention,1,2048,2048,32,32,1,128,60,68,srowsQ2A2K.npz,3.9512087901433315
441,attentionmask,1,4096,4096,32,32,1,128,60,68,srowsQ2A4K.npz,8.175550518613875
442,math_attention,1,4096,4096,32,32,1,128,60,68,srowsQ2A4K.npz,15.086126327514647
443,attentionmask,1,8192,8192,32,32,1,128,60,68,srowsQ2A8K.npz,31.163547319524426
444,math_attention,1,8192,8192,32,32,1,128,60,68,srowsQ2A8K.npz,61.926344983717975
445,attentionmask,1,16384,16384,32,32,1,128,60,68,srowsQ2A16K.npz,121.50002765655519
446,math_attention,1,16384,16384,32,32,1,128,60,68,srowsQ2A16K.npz,275.78001944224036
447,attentionmask,1,32768,32768,32,32,1,128,60,68,srowsQ2A32K.npz,485.1615537296642
448,math_attention,1,32768,32768,32,32,1,128,60,68,srowsQ2A32K.npz,nan
449,attentionmask,1,65536,65536,32,32,1,128,60,68,srowsQ2A64K.npz,1954.4076138529288
450,math_attention,1,65536,65536,32,32,1,128,60,68,srowsQ2A64K.npz,nan
451,sparsemask,1,131072,131072,32,32,1,128,40,68,srowsQ1A128K.npz,1376.3825273513794
452,sparsemask,1,2048,2048,32,32,1,128,50,68,srowsQ1A2K.npz,0.7554382748074002
453,sparsemask,1,4096,4096,32,32,1,128,50,68,srowsQ1A4K.npz,1.932157940334744
454,sparsemask,1,8192,8192,32,32,1,128,50,68,srowsQ1A8K.npz,5.975006505062707
455,sparsemask,1,16384,16384,32,32,1,128,50,68,srowsQ1A16K.npz,20.93655441118323
456,sparsemask,1,32768,32768,32,32,1,128,50,68,srowsQ1A32K.npz,75.38706149373735
457,sparsemask,1,65536,65536,32,32,1,128,50,68,srowsQ1A64K.npz,295.131745087473
458,sparsemask,1,131072,131072,32,32,1,128,50,68,srowsQ1A128K.npz,1148.6232863532173
459,sparsemask,1,2048,2048,32,32,1,128,60,68,srowsQ1A2K.npz,0.6652757395868716
460,sparsemask,1,4096,4096,32,32,1,128,60,68,srowsQ1A4K.npz,1.636559424861785
461,sparsemask,1,8192,8192,32,32,1,128,60,68,srowsQ1A8K.npz,4.881758689880371
462,sparsemask,1,16384,16384,32,32,1,128,60,68,srowsQ1A16K.npz,17.108582548193027
463,sparsemask,1,32768,32768,32,32,1,128,60,68,srowsQ1A32K.npz,59.79118619646345
464,sparsemask,1,65536,65536,32,32,1,128,60,68,srowsQ1A64K.npz,224.2827802612668
465,sparsemask,1,131072,131072,32,32,1,128,60,68,srowsQ1A128K.npz,882.1071783356044
466,sparsemask,1,2048,2048,32,32,1,128,70,68,srowsQ1A2K.npz,0.6028182610221531
467,sparsemask,1,4096,4096,32,32,1,128,70,68,srowsQ1A4K.npz,1.4219013849894204
468,sparsemask,1,8192,8192,32,32,1,128,70,68,srowsQ1A8K.npz,3.839761052812849
469,sparsemask,1,16384,16384,32,32,1,128,70,68,srowsQ1A16K.npz,12.775375219491812
470,sparsemask,1,32768,32768,32,32,1,128,70,68,srowsQ1A32K.npz,43.6257240931193
471,sparsemask,1,65536,65536,32,32,1,128,70,68,srowsQ1A64K.npz,168.008569689358
472,sparsemask,1,131072,131072,32,32,1,128,70,68,srowsQ1A128K.npz,637.4920602639515
473,sparsemask,1,2048,2048,32,32,1,128,80,68,srowsQ1A2K.npz,0.5232664357836002
474,sparsemask,1,4096,4096,32,32,1,128,80,68,srowsQ1A4K.npz,1.3371874735905573
475,attentionmask,1,131072,131072,32,32,1,128,60,68,srowsQ2A128K.npz,7884.256060745406
476,math_attention,1,131072,131072,32,32,1,128,60,68,srowsQ2A128K.npz,nan
477,sparsemask,1,2048,2048,32,32,1,128,0,68,srowsQ2A2K.npz,1.0598905269916241
478,sparsemask,1,4096,4096,32,32,1,128,0,68,srowsQ2A4K.npz,3.125760005070613
479,sparsemask,1,8192,8192,32,32,1,128,0,68,srowsQ2A8K.npz,11.078948091577601
480,sparsemask,1,16384,16384,32,32,1,128,0,68,srowsQ2A16K.npz,40.21014072276928
481,sparsemask,1,32768,32768,32,32,1,128,0,68,srowsQ2A32K.npz,156.432608457712
482,sparsemask,1,65536,65536,32,32,1,128,0,68,srowsQ2A64K.npz,615.4290955861409
483,sparsemask,1,131072,131072,32,32,1,128,0,68,srowsQ2A128K.npz,2475.8428246634344
484,sparsemask,1,2048,2048,32,32,1,128,10,68,srowsQ2A2K.npz,1.0352387795081506
485,sparsemask,1,4096,4096,32,32,1,128,10,68,srowsQ2A4K.npz,3.0185031890869136
486,sparsemask,1,8192,8192,32,32,1,128,10,68,srowsQ2A8K.npz,9.966560363769531
487,sparsemask,1,16384,16384,32,32,1,128,10,68,srowsQ2A16K.npz,36.23156547546387
488,sparsemask,1,32768,32768,32,32,1,128,10,68,srowsQ2A32K.npz,135.59892177581787
489,sparsemask,1,65536,65536,32,32,1,128,10,68,srowsQ2A64K.npz,553.4031856060028
490,sparsemask,1,131072,131072,32,32,1,128,10,68,srowsQ2A128K.npz,2217.0922931035357
491,sparsemask,1,2048,2048,32,32,1,128,20,68,srowsQ2A2K.npz,0.9902111689249675
492,sparsemask,1,4096,4096,32,32,1,128,20,68,srowsQ2A4K.npz,2.7457993371146063
493,sparsemask,1,8192,8192,32,32,1,128,20,68,srowsQ2A8K.npz,8.730967044830322
494,sparsemask,1,16384,16384,32,32,1,128,20,68,srowsQ2A16K.npz,32.12016010284424
495,sparsemask,1,32768,32768,32,32,1,128,20,68,srowsQ2A32K.npz,124.80262067582872
496,sparsemask,1,65536,65536,32,32,1,128,20,68,srowsQ2A64K.npz,482.48850562355733
497,sparsemask,1,131072,131072,32,32,1,128,20,68,srowsQ2A128K.npz,1958.6876320838928
498,sparsemask,1,2048,2048,32,32,1,128,30,68,srowsQ2A2K.npz,0.8793503897530692
499,sparsemask,1,131072,131072,32,32,1,128,40,68,srowsQ6A128K.npz,1385.6741740153384
500,sparsemask,1,2048,2048,32,32,1,128,50,68,srowsQ6A2K.npz,0.7496802399798138
501,sparsemask,1,4096,4096,32,32,1,128,50,68,srowsQ6A4K.npz,1.963950494925181
502,sparsemask,1,8192,8192,32,32,1,128,50,68,srowsQ6A8K.npz,6.232551884006809
503,sparsemask,1,16384,16384,32,32,1,128,50,68,srowsQ6A16K.npz,19.93319484922621
504,sparsemask,1,32768,32768,32,32,1,128,50,68,srowsQ6A32K.npz,72.28716915304013
505,sparsemask,1,65536,65536,32,32,1,128,50,68,srowsQ6A64K.npz,279.91134622822636
506,sparsemask,1,131072,131072,32,32,1,128,50,68,srowsQ6A128K.npz,1128.453584278331
507,sparsemask,1,2048,2048,32,32,1,128,60,68,srowsQ6A2K.npz,0.685723726866675
508,sparsemask,1,4096,4096,32,32,1,128,60,68,srowsQ6A4K.npz,1.7490093758765692
509,sparsemask,1,8192,8192,32,32,1,128,60,68,srowsQ6A8K.npz,5.115748743216196
510,sparsemask,1,16384,16384,32,32,1,128,60,68,srowsQ6A16K.npz,16.549175262451172
511,sparsemask,1,32768,32768,32,32,1,128,60,68,srowsQ6A32K.npz,58.91423759460449
512,sparsemask,1,65536,65536,32,32,1,128,60,68,srowsQ6A64K.npz,221.29917891820273
513,sparsemask,1,131072,131072,32,32,1,128,60,68,srowsQ6A128K.npz,875.5219604350904
514,sparsemask,1,2048,2048,32,32,1,128,70,68,srowsQ6A2K.npz,0.6247364390980112
515,sparsemask,1,8192,8192,32,32,1,128,70,68,srowsQ6A8K.npz,3.9716700653531647
516,sparsemask,1,16384,16384,32,32,1,128,70,68,srowsQ6A16K.npz,12.626037410661286
517,sparsemask,1,32768,32768,32,32,1,128,70,68,srowsQ6A32K.npz,44.0305773092776
518,sparsemask,1,65536,65536,32,32,1,128,70,68,srowsQ6A64K.npz,161.3941261768341
519,sparsemask,1,131072,131072,32,32,1,128,70,68,srowsQ6A128K.npz,631.5109012407415
520,attentionmask,4,2048,2048,32,32,1,128,60,68,srowsQ2A2K.npz,8.514048258463543
521,math_attention,4,2048,2048,32,32,1,128,60,68,srowsQ2A2K.npz,15.128039518992104
522,attentionmask,4,4096,4096,32,32,1,128,60,68,srowsQ2A4K.npz,31.57464133368598
523,math_attention,4,4096,4096,32,32,1,128,60,68,srowsQ2A4K.npz,60.13491789499919
524,attentionmask,4,8192,8192,32,32,1,128,60,68,srowsQ2A8K.npz,123.18833457099066
525,math_attention,4,8192,8192,32,32,1,128,60,68,srowsQ2A8K.npz,248.69825734032526
526,attentionmask,4,16384,16384,32,32,1,128,60,68,srowsQ2A16K.npz,484.8244136571884
527,math_attention,4,16384,16384,32,32,1,128,60,68,srowsQ2A16K.npz,nan
528,attentionmask,4,32768,32768,32,32,1,128,60,68,srowsQ2A32K.npz,1939.3585798475474
529,math_attention,4,32768,32768,32,32,1,128,60,68,srowsQ2A32K.npz,nan
530,attentionmask,4,65536,65536,32,32,1,128,60,68,srowsQ2A64K.npz,7820.5361849069595
531,math_attention,4,65536,65536,32,32,1,128,60,68,srowsQ2A64K.npz,nan
532,attentionmask,4,131072,131072,32,32,1,128,60,68,srowsQ2A128K.npz,nan
533,math_attention,4,131072,131072,32,32,1,128,60,68,srowsQ2A128K.npz,nan
534,sparsemask,4,2048,2048,32,32,1,128,0,68,srowsQ2A2K.npz,3.506842851638794
535,sparsemask,4,4096,4096,32,32,1,128,0,68,srowsQ2A4K.npz,11.407037462506976
536,sparsemask,4,8192,8192,32,32,1,128,0,68,srowsQ2A8K.npz,42.036625998360776
537,sparsemask,4,16384,16384,32,32,1,128,0,68,srowsQ2A16K.npz,156.62873404366627
538,sparsemask,4,32768,32768,32,32,1,128,0,68,srowsQ2A32K.npz,613.8348259244647
539,sparsemask,4,65536,65536,32,32,1,128,0,68,srowsQ2A64K.npz,2431.453193426132
540,sparsemask,4,131072,131072,32,32,1,128,0,68,srowsQ2A128K.npz,9788.681039128986
541,sparsemask,4,2048,2048,32,32,1,128,10,68,srowsQ2A2K.npz,3.7830841541290283
542,sparsemask,4,4096,4096,32,32,1,128,10,68,srowsQ2A4K.npz,10.979814529418945
543,sparsemask,4,8192,8192,32,32,1,128,10,68,srowsQ2A8K.npz,38.46604347229004
544,sparsemask,4,16384,16384,32,32,1,128,10,68,srowsQ2A16K.npz,141.63102626800537
545,sparsemask,4,32768,32768,32,32,1,128,10,68,srowsQ2A32K.npz,538.6533737182617
546,sparsemask,4,65536,65536,32,32,1,128,10,68,srowsQ2A64K.npz,2215.587558746338
547,sparsemask,4,131072,131072,32,32,1,128,10,68,srowsQ2A128K.npz,8862.951045036316
548,sparsemask,4,2048,2048,32,32,1,128,20,68,srowsQ2A2K.npz,3.2240962982177734
549,sparsemask,4,4096,4096,32,32,1,128,20,68,srowsQ2A4K.npz,10.018267631530762
550,sparsemask,4,8192,8192,32,32,1,128,20,68,srowsQ2A8K.npz,33.58818054199219
551,sparsemask,4,16384,16384,32,32,1,128,20,68,srowsQ2A16K.npz,127.22455183664957
552,sparsemask,4,32768,32768,32,32,1,128,20,68,srowsQ2A32K.npz,501.3312784830729
553,sparsemask,4,65536,65536,32,32,1,128,20,68,srowsQ2A64K.npz,1926.2168264389038
554,sparsemask,4,131072,131072,32,32,1,128,20,68,srowsQ2A128K.npz,7872.498729228974
555,sparsemask,4,2048,2048,32,32,1,128,30,68,srowsQ2A2K.npz,2.837252616882324
556,sparsemask,4,4096,4096,32,32,1,128,30,68,srowsQ2A4K.npz,8.974037170410156
557,sparsemask,4,8192,8192,32,32,1,128,30,68,srowsQ2A8K.npz,30.935568809509277
558,sparsemask,4,16384,16384,32,32,1,128,30,68,srowsQ2A16K.npz,106.90641164779663
559,sparsemask,4,32768,32768,32,32,1,128,30,68,srowsQ2A32K.npz,435.9074020385743
560,sparsemask,4,65536,65536,32,32,1,128,30,68,srowsQ2A64K.npz,1741.8265104293823
561,sparsemask,4,131072,131072,32,32,1,128,30,68,srowsQ2A128K.npz,6578.998003005981
562,sparsemask,4,2048,2048,32,32,1,128,40,68,srowsQ2A2K.npz,2.7325105667114262
563,sparsemask,4,4096,4096,32,32,1,128,40,68,srowsQ2A4K.npz,7.811862627665201
564,sparsemask,4,8192,8192,32,32,1,128,40,68,srowsQ2A8K.npz,26.20806097984314
565,sparsemask,4,16384,16384,32,32,1,128,40,68,srowsQ2A16K.npz,95.40623982747397
566,sparsemask,4,32768,32768,32,32,1,128,40,68,srowsQ2A32K.npz,357.29615783691406
567,sparsemask,4,65536,65536,32,32,1,128,40,68,srowsQ2A64K.npz,1424.2024583816526
568,sparsemask,1,16384,16384,32,32,1,128,10,68,srowsQ6A16K.npz,34.31871604919434
569,sparsemask,1,32768,32768,32,32,1,128,10,68,srowsQ6A32K.npz,134.32383507490158
570,sparsemask,1,65536,65536,32,32,1,128,10,68,srowsQ6A64K.npz,529.1095194063689
571,sparsemask,1,131072,131072,32,32,1,128,10,68,srowsQ6A128K.npz,2099.5213313897452
572,sparsemask,1,2048,2048,32,32,1,128,20,68,srowsQ6A2K.npz,0.9452684223651886
573,sparsemask,1,4096,4096,32,32,1,128,20,68,srowsQ6A4K.npz,2.715809114517704
574,sparsemask,1,8192,8192,32,32,1,128,20,68,srowsQ6A8K.npz,8.980975279936917
575,sparsemask,1,16384,16384,32,32,1,128,20,68,srowsQ6A16K.npz,33.43637148539225
576,sparsemask,1,32768,32768,32,32,1,128,20,68,srowsQ6A32K.npz,128.08216667175293
577,sparsemask,1,65536,65536,32,32,1,128,20,68,srowsQ6A64K.npz,492.40934729576105
578,sparsemask,1,131072,131072,32,32,1,128,20,68,srowsQ6A128K.npz,1975.4022693634035
579,sparsemask,1,2048,2048,32,32,1,128,30,68,srowsQ6A2K.npz,0.8685799567930161
580,sparsemask,1,4096,4096,32,32,1,128,30,68,srowsQ6A4K.npz,2.470891786658245
581,sparsemask,1,8192,8192,32,32,1,128,30,68,srowsQ6A8K.npz,8.774973154067993
582,sparsemask,1,16384,16384,32,32,1,128,30,68,srowsQ6A16K.npz,28.384601275126137
583,sparsemask,1,32768,32768,32,32,1,128,30,68,srowsQ6A32K.npz,107.97896194458008
584,sparsemask,1,65536,65536,32,32,1,128,30,68,srowsQ6A64K.npz,403.64991784095764
585,sparsemask,1,131072,131072,32,32,1,128,30,68,srowsQ6A128K.npz,1674.8686707019806
586,sparsemask,1,2048,2048,32,32,1,128,40,68,srowsQ6A2K.npz,0.8049173355102539
587,sparsemask,1,4096,4096,32,32,1,128,40,68,srowsQ6A4K.npz,2.2185256746080184
588,sparsemask,1,8192,8192,32,32,1,128,40,68,srowsQ6A8K.npz,7.875355670326635
589,sparsemask,1,16384,16384,32,32,1,128,40,68,srowsQ6A16K.npz,24.319359302520752
590,sparsemask,1,32768,32768,32,32,1,128,40,68,srowsQ6A32K.npz,91.03054777781169
591,sparsemask,1,65536,65536,32,32,1,128,40,68,srowsQ6A64K.npz,352.04559656289905
592,sparsemask,4,32768,32768,32,32,1,128,60,68,srowsQ1A32K.npz,237.32418166266544
593,sparsemask,4,65536,65536,32,32,1,128,60,68,srowsQ1A64K.npz,890.7153407010164
594,sparsemask,4,131072,131072,32,32,1,128,60,68,srowsQ1A128K.npz,3496.3038357098903
595,sparsemask,4,2048,2048,32,32,1,128,70,68,srowsQ1A2K.npz,1.9424120585123696
596,sparsemask,4,4096,4096,32,32,1,128,70,68,srowsQ1A4K.npz,5.034976402918498
597,sparsemask,4,8192,8192,32,32,1,128,70,68,srowsQ1A8K.npz,15.111706256866457
598,sparsemask,4,16384,16384,32,32,1,128,70,68,srowsQ1A16K.npz,49.120848038617304
599,sparsemask,4,32768,32768,32,32,1,128,70,68,srowsQ1A32K.npz,172.72482495558887
600,sparsemask,4,65536,65536,32,32,1,128,70,68,srowsQ1A64K.npz,668.6029787624583
601,sparsemask,4,131072,131072,32,32,1,128,70,68,srowsQ1A128K.npz,2523.2358018557234
602,sparsemask,4,2048,2048,32,32,1,128,80,68,srowsQ1A2K.npz,1.697046668441207
603,sparsemask,4,4096,4096,32,32,1,128,80,68,srowsQ1A4K.npz,4.104867603467859
604,sparsemask,4,8192,8192,32,32,1,128,80,68,srowsQ1A8K.npz,11.72986634572347
605,sparsemask,4,16384,16384,32,32,1,128,80,68,srowsQ1A16K.npz,36.456581354141235
606,sparsemask,4,32768,32768,32,32,1,128,80,68,srowsQ1A32K.npz,123.99889985720318
607,sparsemask,4,65536,65536,32,32,1,128,80,68,srowsQ1A64K.npz,464.55623296590954
608,sparsemask,4,131072,131072,32,32,1,128,80,68,srowsQ1A128K.npz,1805.5033863507786
609,sparsemask,4,2048,2048,32,32,1,128,90,68,srowsQ1A2K.npz,1.5822887420654297
610,attentionmask,4,131072,131072,32,32,1,128,60,68,srowsQ1A128K.npz,nan
611,math_attention,4,131072,131072,32,32,1,128,60,68,srowsQ1A128K.npz,nan
612,sparsemask,4,2048,2048,32,32,1,128,0,68,srowsQ1A2K.npz,3.5771965980529785
613,sparsemask,4,4096,4096,32,32,1,128,0,68,srowsQ1A4K.npz,11.827667781284875
614,sparsemask,4,8192,8192,32,32,1,128,0,68,srowsQ1A8K.npz,43.527798652648926
615,sparsemask,4,16384,16384,32,32,1,128,0,68,srowsQ1A16K.npz,163.99632317679269
616,sparsemask,4,32768,32768,32,32,1,128,0,68,srowsQ1A32K.npz,646.963037763323
617,sparsemask,4,65536,65536,32,32,1,128,0,68,srowsQ1A64K.npz,2538.5775578022
618,sparsemask,4,131072,131072,32,32,1,128,0,68,srowsQ1A128K.npz,10237.696990966797
619,sparsemask,4,2048,2048,32,32,1,128,10,68,srowsQ1A2K.npz,3.473076820373535
620,sparsemask,4,8192,8192,32,32,1,128,10,68,srowsQ1A8K.npz,37.74824142456055
621,sparsemask,4,16384,16384,32,32,1,128,10,68,srowsQ1A16K.npz,148.58852148056027
622,sparsemask,4,32768,32768,32,32,1,128,10,68,srowsQ1A32K.npz,542.8419017791748
623,sparsemask,4,65536,65536,32,32,1,128,10,68,srowsQ1A64K.npz,2206.046233177185
624,sparsemask,4,131072,131072,32,32,1,128,10,68,srowsQ1A128K.npz,8499.825928211212
625,sparsemask,4,2048,2048,32,32,1,128,20,68,srowsQ1A2K.npz,3.0108642578125
626,sparsemask,4,4096,4096,32,32,1,128,20,68,srowsQ1A4K.npz,10.113568305969238
627,sparsemask,4,8192,8192,32,32,1,128,20,68,srowsQ1A8K.npz,35.161635875701904
628,sparsemask,4,16384,16384,32,32,1,128,20,68,srowsQ1A16K.npz,128.26914310455322
629,sparsemask,4,32768,32768,32,32,1,128,20,68,srowsQ1A32K.npz,506.3146781921386
630,sparsemask,4,65536,65536,32,32,1,128,20,68,srowsQ1A64K.npz,1949.5042967796326
631,sparsemask,4,131072,131072,32,32,1,128,20,68,srowsQ1A128K.npz,7600.517188707987
632,sparsemask,4,2048,2048,32,32,1,128,30,68,srowsQ1A2K.npz,2.9665780067443848
633,sparsemask,1,8192,8192,32,32,1,128,80,68,srowsQ6A8K.npz,3.4783846991402765
634,sparsemask,1,16384,16384,32,32,1,128,80,68,srowsQ6A16K.npz,8.56719306871003
635,sparsemask,1,32768,32768,32,32,1,128,80,68,srowsQ6A32K.npz,30.12335400354295
636,sparsemask,1,65536,65536,32,32,1,128,80,68,srowsQ6A64K.npz,108.80369891060724
637,sparsemask,1,131072,131072,32,32,1,128,80,68,srowsQ6A128K.npz,419.5676643903865
638,sparsemask,1,16384,16384,32,32,1,128,90,68,srowsQ6A16K.npz,6.565404415130616
639,sparsemask,1,32768,32768,32,32,1,128,90,68,srowsQ6A32K.npz,21.68400764465332
640,sparsemask,1,65536,65536,32,32,1,128,90,68,srowsQ6A64K.npz,77.01534271240234
641,sparsemask,1,131072,131072,32,32,1,128,90,68,srowsQ6A128K.npz,268.10558557510376
642,attentionmask,4,2048,2048,32,32,1,128,60,68,srowsQ1A2K.npz,8.508426348368326
643,math_attention,4,2048,2048,32,32,1,128,60,68,srowsQ1A2K.npz,15.116206804911297
644,attentionmask,4,4096,4096,32,32,1,128,60,68,srowsQ1A4K.npz,31.57669603824616
645,math_attention,4,4096,4096,32,32,1,128,60,68,srowsQ1A4K.npz,60.02566933631897
646,attentionmask,4,8192,8192,32,32,1,128,60,68,srowsQ1A8K.npz,123.32225216759578
647,math_attention,4,8192,8192,32,32,1,128,60,68,srowsQ1A8K.npz,248.5623587502374
648,attentionmask,4,16384,16384,32,32,1,128,60,68,srowsQ1A16K.npz,486.67869472503656
649,math_attention,4,16384,16384,32,32,1,128,60,68,srowsQ1A16K.npz,nan
650,attentionmask,4,32768,32768,32,32,1,128,60,68,srowsQ1A32K.npz,1946.1987029181585
651,math_attention,4,32768,32768,32,32,1,128,60,68,srowsQ1A32K.npz,nan
652,attentionmask,4,65536,65536,32,32,1,128,60,68,srowsQ1A64K.npz,7822.748999162154
653,math_attention,4,65536,65536,32,32,1,128,60,68,srowsQ1A64K.npz,nan
654,sparsemask,4,4096,4096,32,32,1,128,30,68,srowsQ1A4K.npz,8.672716617584227
655,sparsemask,4,8192,8192,32,32,1,128,30,68,srowsQ1A8K.npz,29.7484016418457
656,sparsemask,4,16384,16384,32,32,1,128,30,68,srowsQ1A16K.npz,111.16073449452718
657,sparsemask,4,32768,32768,32,32,1,128,30,68,srowsQ1A32K.npz,436.8698914845785
658,sparsemask,4,65536,65536,32,32,1,128,30,68,srowsQ1A64K.npz,1681.1204242706299
659,sparsemask,4,131072,131072,32,32,1,128,30,68,srowsQ1A128K.npz,6483.900845050812
660,sparsemask,4,2048,2048,32,32,1,128,40,68,srowsQ1A2K.npz,2.666629552841186
661,sparsemask,4,4096,4096,32,32,1,128,40,68,srowsQ1A4K.npz,7.964488983154296
662,sparsemask,4,8192,8192,32,32,1,128,40,68,srowsQ1A8K.npz,25.802764892578125
663,sparsemask,4,16384,16384,32,32,1,128,40,68,srowsQ1A16K.npz,95.68363070487977
664,sparsemask,4,32768,32768,32,32,1,128,40,68,srowsQ1A32K.npz,358.6086473464966
665,sparsemask,4,65536,65536,32,32,1,128,40,68,srowsQ1A64K.npz,1399.4222869873047
666,sparsemask,4,131072,131072,32,32,1,128,40,68,srowsQ1A128K.npz,5490.261728763579
667,sparsemask,4,2048,2048,32,32,1,128,50,68,srowsQ1A2K.npz,2.4644775390625
668,sparsemask,4,4096,4096,32,32,1,128,50,68,srowsQ1A4K.npz,8.220066070556642
669,sparsemask,4,8192,8192,32,32,1,128,50,68,srowsQ1A8K.npz,22.862685203552246
670,sparsemask,4,16384,16384,32,32,1,128,50,68,srowsQ1A16K.npz,81.48047288258871
671,sparsemask,4,32768,32768,32,32,1,128,50,68,srowsQ1A32K.npz,301.2646961212159
672,sparsemask,4,65536,65536,32,32,1,128,50,68,srowsQ1A64K.npz,1184.782717704773
673,sparsemask,4,131072,131072,32,32,1,128,50,68,srowsQ1A128K.npz,4583.16879940033
674,sparsemask,4,2048,2048,32,32,1,128,60,68,srowsQ1A2K.npz,2.1683780352274575
675,sparsemask,4,4096,4096,32,32,1,128,60,68,srowsQ1A4K.npz,5.865543484687804
676,sparsemask,4,8192,8192,32,32,1,128,60,68,srowsQ1A8K.npz,18.623669412400982
677,sparsemask,4,16384,16384,32,32,1,128,60,68,srowsQ1A16K.npz,64.84676218032835
